simulation,graph_type,n_vertices,n_edges,n_components,n_faces,mean_degree,std_degree,min_degree,max_degree,mean_length,std_length,min_length,max_length,total_length,entropy_degree,entropy_length,entropy_orientation,is_connected,density
0,Gabriel,100,180,1,82,3.6,1.1224972160321824,2,7,0.09684084406540584,0.048821801707443435,0.009272006106549109,0.241038211006653,17.43135193177305,2.1377394034199786,2.994733252189975,5.009106466895596,True,0.03636363636363636
0,RNG,100,120,1,22,2.4,0.6633249580710799,1,4,0.07974839768326016,0.0401731023885019,0.009272006106549109,0.18521319847956455,9.569807721991218,1.4519883246991914,3.1063052369663673,4.813175446562158,True,0.024242424242424242
1,Gabriel,100,179,1,81,3.58,1.0117311895953391,2,7,0.10185264546333478,0.05268249538937306,0.011029635204473172,0.2569801717919173,18.231623537936926,2.0188589707839704,3.0189141080468027,5.020940726843852,True,0.03616161616161616
1,RNG,100,122,1,24,2.44,0.6829348431585549,1,4,0.08372352052232049,0.044070646482146945,0.011029635204473172,0.20341329627100357,10.2142695037231,1.482174970444962,3.102712492425147,4.834540264765867,True,0.024646464646464646
2,Gabriel,100,179,1,81,3.58,1.031309846748299,1,6,0.09849139557514261,0.050695309796858004,0.0064439396338186235,0.23170403754728625,17.629959807950527,2.0722020478063006,3.0866863097550397,5.0345998206844875,True,0.03616161616161616
2,RNG,100,117,1,19,2.34,0.7644605941446556,1,4,0.08057015000467932,0.04185516755852276,0.0064439396338186235,0.20561804363890598,9.42670755054748,1.637281945164636,2.87071592585796,4.938711306332247,True,0.023636363636363636
3,Gabriel,100,181,1,83,3.62,1.037111372997134,1,6,0.09548776574130735,0.046619278246939885,0.005468695412341374,0.26394594680015754,17.28328559917663,2.053369208381325,2.7999011411850754,5.059281958270459,True,0.036565656565656565
3,RNG,100,121,1,23,2.42,0.6352952069707437,1,4,0.07868677416707912,0.03530818890303059,0.005468695412341374,0.2180846183653496,9.521099674216574,1.3858265271848895,2.6543893345330267,4.946479176262701,True,0.024444444444444446
4,Gabriel,100,171,1,73,3.42,1.1061645447219866,1,7,0.09680810398951327,0.04958573233105466,0.011004636835597647,0.26632559921904153,16.55418578220677,2.1624780928540677,2.8402919134476488,5.091818069078493,True,0.034545454545454546
4,RNG,100,121,1,23,2.42,0.6660330322138684,1,4,0.07943731661400248,0.038565755003975674,0.011004636835597647,0.1968034375326505,9.6119153102943,1.4580591068891482,2.916313306449616,4.9954541025342145,True,0.024444444444444446
5,Gabriel,100,188,1,90,3.76,1.096540012949824,1,6,0.09759600574206391,0.047848932587260695,0.007869442844616681,0.29100776815321344,18.348049079508016,2.155629793341109,2.722997439864616,5.026705729329368,True,0.03797979797979798
5,RNG,100,118,1,20,2.36,0.7282856582413249,1,4,0.07856509290733059,0.038094861145014196,0.007869442844616681,0.18760226046054884,9.27068096306501,1.583186151405936,3.0265991490137063,4.957795869836202,True,0.02383838383838384
6,Gabriel,100,181,1,83,3.62,1.1728597529116598,1,7,0.10298787517011837,0.05151786133911553,0.019931330695843057,0.2501953778998852,18.640805405791426,2.185505743231773,3.032896842512788,5.078263953205156,True,0.036565656565656565
6,RNG,100,121,1,23,2.42,0.7236021006050218,1,4,0.0836898294820654,0.041666478195564495,0.019931330695843057,0.18869442944723033,10.126469367329912,1.5745363196587807,3.124069652192033,5.0250723581166445,True,0.024444444444444446
7,Gabriel,100,174,1,76,3.48,1.153082824431966,1,6,0.09528838404452343,0.04895928182716913,0.010004058427016464,0.2590628358489993,16.580178823747076,2.1845329543806318,2.868274088839572,5.012034034140448,True,0.03515151515151515
7,RNG,100,119,1,21,2.38,0.6896375859826667,1,4,0.07851340358151551,0.040004728470951656,0.010004058427016464,0.2089985923594879,9.343095026200347,1.5077156397787999,2.8940420682650334,5.0157161681413704,True,0.02404040404040404
8,Gabriel,100,188,1,90,3.76,1.1586198686368194,2,7,0.10156935272078266,0.04709011258978396,0.01669496609026148,0.2521171004595607,19.09503831150714,2.207750764280163,2.9482295664224503,5.040805148687941,True,0.03797979797979798
8,RNG,100,125,1,27,2.5,0.714142842854285,1,4,0.08408212258219269,0.03802212834825235,0.01669496609026148,0.19522727915945534,10.510265322774087,1.5561363842719902,3.0267377499417827,4.935376489082031,True,0.025252525252525252
9,Gabriel,100,182,1,84,3.64,1.204325537385968,2,7,0.0989558088034087,0.04712056425759951,0.016342770887218968,0.25758240573492436,18.009957202220384,2.2059091861213784,2.8800819308758165,5.054821401704872,True,0.03676767676767677
9,RNG,100,121,1,23,2.42,0.6508456038109193,1,4,0.08043576169145404,0.037566383671132894,0.016342770887218968,0.16452162664739364,9.732727164665938,1.4222242662407119,3.195973973961208,4.987963060631742,True,0.024444444444444446
10,Gabriel,100,180,1,82,3.6,1.140175425099138,1,7,0.09896874045912903,0.05402974102687404,0.003511618541298556,0.2840819438904384,17.814373282643224,2.192593976935458,2.827848497508609,5.053267876146469,True,0.03636363636363636
10,RNG,100,118,1,20,2.36,0.7282856582413249,1,4,0.07858500858835774,0.04212466203476855,0.003511618541298556,0.20044753807622315,9.273031013426213,1.57458647677999,2.990730454353808,4.952872241777671,True,0.02383838383838384
11,Gabriel,100,172,1,74,3.44,1.142978564978364,1,7,0.09463688618902782,0.05160784829144448,0.001980497738855588,0.2410552820047245,16.277544424512786,2.2042293326790166,2.9949856485312543,5.031347373165335,True,0.03474747474747475
11,RNG,100,114,1,16,2.28,0.61773780845922,1,4,0.07453564177322171,0.0391601327747629,0.001980497738855588,0.18674537963841017,8.497063162147274,1.3474061316456498,3.0353563696178356,4.956909839600627,True,0.02303030303030303
12,Gabriel,100,183,1,85,3.66,1.041345283755585,1,6,0.09673278524199974,0.05139353997356409,0.012892613881886714,0.25252944185416404,17.702099699285952,2.094062603298659,2.96077401169045,4.995514102172218,True,0.03696969696969697
12,RNG,100,119,1,21,2.38,0.7180529228406497,1,4,0.07905006664030194,0.04062021870837666,0.012892613881886714,0.18604116201301787,9.406957930195931,1.5491821476591832,3.0608693638025315,4.937674517067395,True,0.02404040404040404
13,Gabriel,100,171,1,73,3.42,1.0505236789335117,1,7,0.09295043555503409,0.05512393139439362,0.0016370316913203147,0.28055775344337724,15.89452447991083,2.084216234670709,2.8221608988435554,5.082556993953929,True,0.034545454545454546
13,RNG,100,113,1,15,2.26,0.6102458520956943,1,3,0.07511586035999614,0.04337080399087974,0.0016370316913203147,0.23922104692043092,8.488092220679563,1.31119512736192,2.72365207409408,4.987146361113342,True,0.02282828282828283
14,Gabriel,100,176,1,78,3.52,1.2687001221722964,1,7,0.09973160780386343,0.04989422915995265,0.0019509715135224818,0.2349328518412801,17.552762973479965,2.363333435616821,3.061465668613297,5.04285901815034,True,0.035555555555555556
14,RNG,100,120,1,22,2.4,0.7071067811865476,1,4,0.08115105826766301,0.04175105452758545,0.0019509715135224818,0.2248878436294222,9.738126992119561,1.5423395063053422,2.83349063597219,4.907368229795324,True,0.024242424242424242
15,Gabriel,100,175,1,77,3.5,1.004987562112089,2,6,0.09941587189539937,0.05526446570161774,0.008567355035553476,0.24939027734614524,17.39777758169489,1.9770396676991382,3.062950718068741,5.0053107394291265,True,0.03535353535353535
15,RNG,100,118,1,20,2.36,0.6560487786742689,1,4,0.08170580343006446,0.044974713127415404,0.008567355035553476,0.19367408588478555,9.641284804747606,1.4331568569324173,3.1624637664883424,4.970585897975332,True,0.02383838383838384
16,Gabriel,100,176,1,78,3.52,1.072194012294417,1,6,0.09997593448482886,0.053916826405320015,0.008460531869421719,0.22703915689589968,17.59576446932988,2.1276790726552997,3.1656395965878055,5.0521419003727495,True,0.035555555555555556
16,RNG,100,117,1,19,2.34,0.6959885056522126,1,4,0.07849068775207642,0.04142815262594955,0.008460531869421719,0.17983545693158806,9.18341046699294,1.5190852302808107,3.162649413533132,5.030854204205123,True,0.023636363636363636
17,Gabriel,100,176,1,78,3.52,0.9431860898041277,2,6,0.0902224932195096,0.04705459837213914,0.008870942574549963,0.23092834849024088,15.87915880663369,1.900081557684622,2.9770779291616742,5.038331196779297,True,0.035555555555555556
17,RNG,100,122,1,24,2.44,0.7116178749862878,1,4,0.07569478025516876,0.04133756244754272,0.008870942574549963,0.19711227693801853,9.23476319113059,1.5516525741149239,2.962237388852719,4.956300535030403,True,0.024646464646464646
18,Gabriel,100,179,1,81,3.58,1.0970870521521983,1,6,0.0970500581538065,0.043527757128053235,0.01891756464449378,0.2136603676093226,17.371960409531365,2.1434127250754442,3.0902124530471338,5.0629612789632406,True,0.03616161616161616
18,RNG,100,120,1,22,2.4,0.6000000000000001,1,4,0.08223624300825444,0.03952772205303554,0.01891756464449378,0.1811198307037431,9.868349160990533,1.3074457006515068,3.1119221041299605,4.9339044551706115,True,0.024242424242424242
19,Gabriel,100,181,1,83,3.62,1.12942463227964,1,7,0.09560093721570893,0.0509784488203723,0.0036117591656321855,0.27941574023863613,17.303769636043317,2.177832069037685,2.7596823550182714,5.050642798665428,True,0.036565656565656565
19,RNG,100,113,1,15,2.26,0.6726068688320095,1,4,0.07675870526236628,0.04040668960428416,0.0036117591656321855,0.2295672929758494,8.673733694647389,1.4710294011680594,2.741773806749835,4.971277388507328,True,0.02282828282828283
20,Gabriel,100,168,1,70,3.36,0.9645724441429995,1,6,0.0944875987176949,0.058765540948959416,0.0025531127265104266,0.29603492687121896,15.873916584572743,1.9723101575879574,2.8445827647939046,5.060905877845211,True,0.03393939393939394
20,RNG,100,117,1,19,2.34,0.6359245238233858,1,4,0.07452311891421648,0.045846350441432336,0.0025531127265104266,0.23199434895773077,8.719204912963328,1.3821480274143172,2.800342545691038,5.000217232508055,True,0.023636363636363636
21,Gabriel,100,186,1,88,3.72,1.140876855756133,1,7,0.10380821026505019,0.054096550119978236,0.005985820637922808,0.24482878284874504,19.308327109299334,2.1969421976202086,3.0783419254723143,5.022876786567168,True,0.037575757575757575
21,RNG,100,122,1,24,2.44,0.6681317235396025,1,4,0.08444134729171232,0.04621172756865591,0.005985820637922808,0.2176038139169911,10.301844369588903,1.463203121818221,3.024536952004376,4.9277957394308425,True,0.024646464646464646
22,Gabriel,100,179,1,81,3.58,1.078702924812944,2,7,0.09843980193028619,0.05408191025131257,0.01239277202105494,0.2513450287771973,17.620724545521227,2.0845469642444887,3.0138876257363334,5.053575469097182,True,0.03616161616161616
22,RNG,100,118,1,20,2.36,0.6406246951218786,1,4,0.07958876957905774,0.04488860197823296,0.01239277202105494,0.23255026444789653,9.391474810328813,1.3878750485911935,2.792509998541559,4.909072795896053,True,0.02383838383838384
23,Gabriel,100,177,1,79,3.54,1.2117755567760888,1,7,0.09844050556016656,0.049473861337609684,0.008474547395176148,0.22221646221784042,17.42396948414948,2.2405581058274344,3.148540970659644,5.050379495051824,True,0.03575757575757576
23,RNG,100,122,1,24,2.44,0.6829348431585549,1,4,0.08310052776470839,0.04525169157110058,0.008474547395176148,0.2094062280130292,10.138264387294424,1.4926829734156903,3.061162260844613,4.966221384810492,True,0.024646464646464646
24,Gabriel,100,171,1,73,3.42,1.0215674231297707,1,7,0.09511003515883872,0.05472671008393906,0.007749150713361112,0.26451578053012265,16.26381601216142,2.036074963146245,2.98001628464588,5.03949325453415,True,0.034545454545454546
24,RNG,100,116,1,18,2.32,0.6910861017268399,1,4,0.07797684278644229,0.049307401392020715,0.007749150713361112,0.21473649343421322,9.045313763227306,1.5100045803396587,2.987648219507874,4.968208340434617,True,0.023434343434343436
25,Gabriel,100,181,1,83,3.62,1.084250893474384,1,8,0.0978679757535727,0.051700378269479055,0.01048902926964476,0.28965574632285024,17.71410361139666,2.0606609325488217,2.8107195557778075,5.02740200579892,True,0.036565656565656565
25,RNG,100,117,1,19,2.34,0.7102112361825881,1,4,0.07842783195321996,0.04109722358729379,0.01048902926964476,0.20227494728907564,9.176056338526736,1.543806211058221,2.978416948931741,4.958723617360419,True,0.023636363636363636
26,Gabriel,100,164,1,66,3.28,0.990757286120067,2,6,0.09548795127682481,0.05193477103180453,0.008785114158892285,0.3174332589676273,15.660024009399269,1.9232578213038238,2.6400429659937696,4.99826997994325,True,0.03313131313131313
26,RNG,100,125,1,27,2.5,0.6557438524302001,1,4,0.08112270797169631,0.040920734525077,0.008785114158892285,0.2337508580912633,10.14033849646204,1.4226851479290439,2.7737454559298187,4.910918666080817,True,0.025252525252525252
27,Gabriel,100,178,1,80,3.56,1.0799999999999998,1,7,0.09897957250777713,0.0502628859309313,0.008496251411609961,0.23228276627028246,17.618363906384328,2.126546890701284,3.09424731475283,5.002754290226847,True,0.03595959595959596
27,RNG,100,120,1,22,2.4,0.6928203230275509,1,4,0.08245173353078351,0.04214954955196827,0.008496251411609961,0.2084753777722368,9.894208023694022,1.5143029514736246,2.9640565652746242,4.917430185056479,True,0.024242424242424242
28,Gabriel,100,196,1,98,3.92,1.2464349160706305,1,8,0.10245673373274349,0.04841787069485506,0.012626546604441891,0.28727412677787756,20.081519811617724,2.3348552259903252,2.7529897192095394,5.093594415779932,True,0.039595959595959594
28,RNG,100,122,1,24,2.44,0.7391887445030532,1,4,0.08341436688403087,0.039710523400215345,0.012626546604441891,0.20102351884329148,10.176552759851766,1.596820741447795,3.008554435604318,4.912700974219063,True,0.024646464646464646
29,Gabriel,100,179,1,81,3.58,1.1240996397117118,1,7,0.09722256325932795,0.052039531463597584,0.017447432852424696,0.2706149832002009,17.402838823419703,2.202826710056805,2.9126018375606386,5.069563335731673,True,0.03616161616161616
29,RNG,100,121,1,23,2.42,0.6508456038109193,1,4,0.08044124846834215,0.0437336725641284,0.017447432852424696,0.2020641110657664,9.7333910646694,1.4252284235262893,3.0676603743575166,4.959863139836224,True,0.024444444444444446
